{
	"bounds_x": 0.0,
	"bounds_y": 0.02359317710824167065,
	"bounds_width": 0.94402035623409669211,
	"bounds_height": 0.93272756256974334449
}