{
	"bounds_x": 0.04326171875,
	"bounds_y": 0.05014534883720930233,
	"bounds_width": 0.90927734375,
	"bounds_height": 0.90012458471760797342,
	"origin_x": 0.5,
	"origin_y": 1.0
}