{
	"bounds_x": 0.00938652363392557828,
	"bounds_y": 0.01199153538678579826,
	"bounds_width": 0.98122695273214884345,
	"bounds_height": 0.97225487890900540795,
	"origin_x": 0.5,
	"origin_y": 0.47977897954385139902
}